user,rec,freq,valor
1,15.0,7.0,196.88101479309293
2,51.0,6.0,162.4088924878824
3,80.0,5.0,180.15864363704102
4,38.0,4.0,156.04812989551579
5,19.0,6.0,164.05206729857252
6,75.0,5.0,179.22040315688784
7,46.0,1.0,32.04994303297771
8,25.0,3.0,33.282597977081586
9,64.0,8.0,82.98184592000429
10,39.0,7.0,175.6717625262565
11,55.0,2.0,171.07453412687153
12,53.0,6.0,179.80364012471136
13,85.0,6.0,23.675525273887423
14,1.0,8.0,65.5285414473816
15,55.0,8.0,114.30443037174948
16,52.0,1.0,158.27432454707673
17,38.0,5.0,131.86818991349548
18,53.0,3.0,140.94478308652367
19,87.0,4.0,122.57625152143959
20,66.0,3.0,111.95652113924034
21,77.0,5.0,39.31525178534935
22,53.0,4.0,78.12283103344666
23,10.0,5.0,18.891514003591823
24,36.0,6.0,195.05899323900832
25,48.0,7.0,160.4462277013158
26,62.0,5.0,193.67527605556583
27,36.0,3.0,17.20985409376012
28,21.0,5.0,15.829614843530383
29,24.0,3.0,135.32784269898295
30,1.0,2.0,166.3366411602153
31,72.0,7.0,154.24580667723376
32,78.0,7.0,131.4528008883825
33,79.0,2.0,167.3502851061617
34,23.0,8.0,147.44489825855206
35,25.0,5.0,172.5139747845999
36,60.0,3.0,63.19704566577359
37,64.0,2.0,178.7234006567006
38,88.0,1.0,59.33741025554547
39,89.0,3.0,175.7209668190094
40,43.0,6.0,46.77184698792324
41,69.0,8.0,69.19150071681818
42,39.0,4.0,24.648406194949537
43,55.0,4.0,57.28317716370466
44,8.0,8.0,56.60629222720377
45,11.0,4.0,119.85369585880254
46,48.0,7.0,174.73060739806203
47,38.0,3.0,53.049830088747655
48,64.0,1.0,187.08095204808552
49,76.0,5.0,48.456150092835486
50,17.0,8.0,161.8114971811043
51,89.0,6.0,33.561998649676156
52,90.0,3.0,33.856826542816066
53,37.0,8.0,61.72077253733283
54,1.0,1.0,171.9017279340028
55,64.0,2.0,40.39840608549805
56,52.0,7.0,11.455050126311713
57,88.0,2.0,52.603711177190895
58,83.0,2.0,123.94267826965688
59,22.0,7.0,91.49404695133944
60,51.0,5.0,142.12710408034465
61,34.0,7.0,91.95072011141528
62,68.0,7.0,88.91691765364496
63,10.0,1.0,146.86623826521716
64,48.0,1.0,130.35198571895754
65,87.0,2.0,174.19623211865692
66,70.0,8.0,28.38745513162363
67,68.0,4.0,152.67921928029193
68,83.0,1.0,24.380191841216263
69,22.0,5.0,45.53053471824302
70,62.0,2.0,78.86542140730141
71,17.0,1.0,15.478188694566182
72,76.0,8.0,26.846858928076912
73,42.0,3.0,109.4485785120421
74,6.0,7.0,84.98353646683555
75,14.0,3.0,163.78603592567512
76,77.0,6.0,126.40451058450732
77,12.0,6.0,114.63394830583364
78,55.0,5.0,168.3287120518981
79,28.0,7.0,14.717236881740085
80,57.0,2.0,27.941526782828248
81,79.0,7.0,187.43283536746534
82,28.0,8.0,194.16998624305276
83,44.0,4.0,190.0602744142648
84,79.0,2.0,15.416968101525011
85,28.0,2.0,136.79528777400884
86,35.0,2.0,199.94169759378414
87,49.0,7.0,145.465108919218
88,3.0,7.0,11.245200436605332
89,86.0,4.0,141.99414599235718
90,35.0,8.0,52.546147317396134
91,22.0,6.0,194.32984442811826
92,51.0,8.0,69.59348448967421
93,65.0,8.0,172.05084069218418
94,89.0,7.0,143.39832444521903
95,58.0,3.0,72.94349099602283
96,16.0,8.0,118.16937730383074
97,45.0,2.0,169.58054326768013
98,4.0,7.0,47.60073508149302
99,31.0,3.0,124.16555095168286
100,73.0,1.0,47.28708343635934
101,28.0,3.0,36.516874370038764
102,49.0,2.0,164.11113210829413
103,7.0,4.0,171.6772206739072
104,66.0,1.0,134.27035451845134
105,90.0,4.0,166.5430797180473
106,43.0,1.0,65.85161108960394
107,88.0,3.0,133.43036615838585
108,19.0,4.0,65.59554545086763
109,80.0,1.0,43.500816535529395
110,87.0,8.0,154.86834752223547
111,38.0,4.0,150.7196369483316
112,21.0,1.0,188.01424644015307
113,77.0,8.0,132.3891741892767
114,65.0,7.0,178.95506050353788
115,50.0,3.0,184.688662696309
116,8.0,7.0,165.09147544193019
117,42.0,3.0,26.668879496576903
118,73.0,5.0,107.67598441087789
119,32.0,6.0,171.52820272212168
120,18.0,3.0,111.40615054780304
121,72.0,8.0,121.7495661622582
122,42.0,5.0,83.22442262047156
123,54.0,7.0,35.77549514872392
124,36.0,5.0,135.54403897311653
125,34.0,6.0,130.5303583722798
126,7.0,4.0,64.62202415060858
127,20.0,4.0,38.085146225722724
128,7.0,7.0,120.60053646251056
129,48.0,3.0,183.4780890427314
130,87.0,5.0,18.375487629966685
131,15.0,8.0,53.485962521396736
132,77.0,2.0,124.19651735404436
133,7.0,5.0,142.52381155540158
134,55.0,3.0,102.07116974000039
135,43.0,1.0,174.85607823902063
136,77.0,2.0,199.33990561774056
137,77.0,5.0,187.3816842471976
138,12.0,5.0,62.145466275143384
139,52.0,5.0,166.52859499708836
140,2.0,1.0,174.0850585024949
141,24.0,3.0,26.382035209709247
142,34.0,4.0,155.39925731567013
143,68.0,5.0,54.214367055589285
144,4.0,2.0,121.63096185866848
145,20.0,4.0,69.58382759993088
146,71.0,2.0,174.12204537540464
147,84.0,5.0,130.89678723352088
148,72.0,1.0,176.18214619924572
149,60.0,3.0,80.66132351890835
150,68.0,4.0,187.45302825317114
151,23.0,2.0,127.69214175207304
152,74.0,2.0,30.41888873802906
153,59.0,6.0,51.26227816263159
154,71.0,7.0,77.12855135461986
155,69.0,4.0,94.51849364225473
156,53.0,7.0,129.00265596183004
157,79.0,3.0,10.859149564076176
158,58.0,4.0,59.19555405236705
159,25.0,3.0,118.11882206910224
160,53.0,7.0,158.86319990281996
161,11.0,5.0,50.56857913565557
162,31.0,2.0,116.68210657564076
163,21.0,7.0,41.282123092029785
164,27.0,6.0,73.3798569854831
165,36.0,4.0,75.25284200983147
166,2.0,2.0,95.08997657015642
167,25.0,6.0,126.5873503597406
168,20.0,5.0,77.5799366263841
169,52.0,1.0,146.2822803489168
170,41.0,1.0,171.28293602488318
171,79.0,3.0,46.384942721752545
172,67.0,1.0,70.76411688386473
173,5.0,16.0,223.89943228627402
174,25.0,1.0,155.78106779586028
175,84.0,7.0,21.780909169080026
176,38.0,3.0,13.588193764352186
177,59.0,7.0,82.57900152637396
178,76.0,6.0,30.51256638858236
179,75.0,2.0,84.68004601949742
180,81.0,3.0,149.09402324951694
181,26.0,5.0,24.58069683270131
182,14.0,1.0,167.41524827622382
183,14.0,7.0,32.35810480631057
184,49.0,8.0,160.42561170626905
185,18.0,6.0,62.976358013747635
186,48.0,5.0,68.95418695927702
187,72.0,7.0,138.54124093646902
188,7.0,11.0,299.6247726169339
189,54.0,6.0,29.000605456391234
190,19.0,6.0,115.48412846687752
191,59.0,8.0,33.77789424838229
192,72.0,4.0,36.33252981879645
193,89.0,1.0,187.58013580789333
194,5.0,17.0,237.02488912247884
195,11.0,1.0,143.14209155962314
196,31.0,1.0,164.90070248798315
197,42.0,4.0,82.2565632564751
198,84.0,3.0,140.80457058807087
199,8.0,1.0,109.77547762807662
200,3.0,8.0,254.34878216182733
201,77.0,7.0,140.67975569622104
202,19.0,6.0,151.11033895498915
203,83.0,5.0,21.87810800587578
204,16.0,5.0,95.29235692732297
205,26.0,2.0,185.54574783328317
206,60.0,5.0,130.7876059458258
207,53.0,8.0,54.088065932340825
208,62.0,3.0,28.98887717555523
209,32.0,2.0,149.12433318350253
210,51.0,5.0,63.38451305664579
211,70.0,2.0,104.97997973195694
212,23.0,2.0,185.52968485241527
213,41.0,5.0,170.9893827512627
214,25.0,5.0,20.918014065526048
215,9.0,5.0,68.01623674991757
216,86.0,7.0,71.95621742605769
217,20.0,4.0,143.8673984676184
218,47.0,1.0,26.88622149527216
219,58.0,1.0,42.34302174955001
220,55.0,4.0,65.77695728693283
221,69.0,6.0,49.38089404446426
222,63.0,4.0,138.95113262244038
223,7.0,4.0,26.853115549820927
224,53.0,3.0,28.07660608040714
225,5.0,2.0,34.82911296942714
226,9.0,1.0,150.06327656409124
227,50.0,2.0,100.30844359192125
228,77.0,4.0,110.84912249828095
229,22.0,1.0,77.3257390602227
230,72.0,8.0,170.08944745966176
231,19.0,1.0,86.5327654652533
232,43.0,6.0,43.662702056622265
233,45.0,6.0,66.82873861376537
234,40.0,4.0,59.966595084859044
235,45.0,5.0,66.52042568334943
236,54.0,2.0,186.30007430276967
237,86.0,4.0,125.48663486046365
238,84.0,2.0,111.21452303138278
239,36.0,6.0,100.32482646096915
240,16.0,7.0,118.20520519361683
241,53.0,5.0,67.54382807801164
242,34.0,7.0,44.538970305692686
243,50.0,5.0,15.42675250951709
244,39.0,7.0,59.75675291918915
245,90.0,4.0,90.7234916525517
246,6.0,2.0,150.03265594274276
247,41.0,1.0,186.9001815497401
248,48.0,7.0,135.8874198588705
249,42.0,6.0,148.0305642202565
250,59.0,1.0,51.09301851638465
251,39.0,3.0,58.60356139741368
252,62.0,3.0,35.765902504257944
253,31.0,1.0,76.4772447259023
254,59.0,3.0,161.24574565965622
255,86.0,5.0,185.36454513817668
256,42.0,7.0,120.34652826849081
257,62.0,5.0,107.40821772017358
258,31.0,1.0,120.10241053602282
259,59.0,5.0,172.90675349192307
260,69.0,3.0,140.61056491229374
261,42.0,7.0,82.86304310239132
262,52.0,5.0,107.59931141064584
263,88.0,3.0,67.6425257341694
264,55.0,2.0,95.11625532531188
265,38.0,8.0,176.47032199696483
266,10.0,4.0,93.79814683174989
267,36.0,8.0,85.3172896656084
268,37.0,2.0,171.27334469394899
269,30.0,4.0,32.1438934374864
270,53.0,2.0,188.67717351959848
271,77.0,3.0,168.17838048059758
272,33.0,2.0,65.1438179870143
273,80.0,5.0,191.3283676491071
274,28.0,1.0,171.38245296076175
275,57.0,4.0,66.35213535657844
276,83.0,5.0,31.91741361474238
277,51.0,8.0,190.2757776639781
278,25.0,6.0,134.95912137778723
279,26.0,3.0,178.2142303847211
280,14.0,7.0,98.07114333984028
281,26.0,5.0,66.91240484236152
282,80.0,6.0,34.41146001082176
283,2.0,6.0,147.98098156781234
284,15.0,3.0,102.06366167814058
285,75.0,3.0,111.43468048123748
286,48.0,8.0,34.649499860189515
287,88.0,8.0,23.213037984869494
288,59.0,8.0,39.66446930093805
289,21.0,6.0,121.83697999312898
290,63.0,7.0,172.2014336480949
291,70.0,5.0,119.42660895939288
292,54.0,2.0,53.81980886935857
293,84.0,4.0,79.92940309426926
294,41.0,6.0,38.647789292363385
295,42.0,4.0,33.99269406321275
296,67.0,8.0,80.60064377928353
297,36.0,6.0,92.96499467096302
298,22.0,2.0,141.42700250445296
299,15.0,1.0,32.54784019814337
300,68.0,2.0,108.36093224207467
301,45.0,2.0,103.20842009220421
302,51.0,4.0,50.12306717043979
303,28.0,1.0,193.5500665193024
304,118.0,1.0,1779.3132799881496
305,6.0,8.0,11.549767638399786
306,50.0,3.0,187.141847593491
307,46.0,8.0,195.00646452309596
308,11.0,8.0,171.07237560502563
309,5.0,6.0,73.36717364250023
310,26.0,6.0,49.24514260108231
311,14.0,2.0,184.47095530950605
312,5.0,8.0,167.07008004827398
313,51.0,7.0,168.5654467040044
314,11.0,2.0,50.964764779050114
315,2.0,9.0,291.66639527852277
316,77.0,5.0,178.02533805635687
317,59.0,5.0,150.24403900770415
318,55.0,6.0,174.4033416806252
319,5.0,5.0,38.01361691667417
320,8.0,3.0,141.84247269532315
321,55.0,5.0,62.41172646293659
322,61.0,7.0,89.70978978761894
323,17.0,4.0,93.53533169165097
324,2.0,4.0,52.78438708563687
325,25.0,8.0,68.74950782285639
326,7.0,3.0,94.77354841013855
327,72.0,3.0,79.0552767669487
328,1.0,6.0,41.303419960594525
329,82.0,5.0,114.96770607894673
330,43.0,3.0,135.27150048252452
331,30.0,3.0,34.92874487082412
332,72.0,8.0,128.26122584436155
333,27.0,6.0,117.57436567768013
334,86.0,3.0,167.89429661822527
335,7.0,12.0,207.8144149909007
336,55.0,1.0,36.00981077215992
337,79.0,5.0,17.652612462501864
338,86.0,1.0,128.32622637793133
339,83.0,2.0,190.73598153307861
340,75.0,8.0,66.46008165518543
341,44.0,2.0,193.80294987097926
342,31.0,2.0,46.53316300988316
343,3.0,3.0,107.8008781030019
344,5.0,7.0,142.54728872943318
345,73.0,5.0,129.7817308677165
346,25.0,3.0,167.37432703732782
347,40.0,4.0,108.93083320564914
348,18.0,1.0,161.77477737063094
349,58.0,1.0,174.36371725035326
350,80.0,1.0,117.80169087784033
351,14.0,2.0,16.937989194236184
352,4.0,5.0,155.9411154797578
353,20.0,8.0,35.425840067679715
354,2.0,5.0,85.43560000727746
355,68.0,6.0,157.20669843506442
356,78.0,2.0,109.2841355045675
357,71.0,7.0,79.72423983750731
358,79.0,5.0,166.81492182438268
359,37.0,7.0,159.29001621634333
360,19.0,5.0,145.54005597564978
361,23.0,7.0,154.57580324403352
362,26.0,2.0,189.8817240083472
363,47.0,4.0,85.59609899911545
364,40.0,7.0,175.4579967395297
365,37.0,8.0,168.99895623227445
366,68.0,5.0,130.53876334081446
367,85.0,1.0,183.60848142672742
368,10.0,2.0,129.74123125007037
369,66.0,3.0,141.9326628386419
370,1.0,1.0,114.06528053707362
371,89.0,7.0,54.27392675786047
372,85.0,6.0,149.59044211858557
373,43.0,1.0,157.56696224768217
374,4.0,8.0,156.317007658857
375,21.0,7.0,35.188021323545875
376,5.0,1.0,165.45817106082717
377,11.0,4.0,138.6249716080402
378,81.0,2.0,65.63064973276266
379,31.0,6.0,146.79547646310525
380,68.0,6.0,88.90429149384595
381,88.0,7.0,199.70547114915928
382,25.0,5.0,41.65392943264541
383,68.0,3.0,12.100417776882836
384,4.0,8.0,54.64543652878421
385,70.0,6.0,147.3631152085255
386,76.0,7.0,143.65943962602697
387,24.0,8.0,82.64403731336046
388,30.0,1.0,53.314716868829585
389,44.0,6.0,193.7969357521484
390,58.0,2.0,150.6237689800368
391,1.0,5.0,26.304324078690552
392,48.0,7.0,152.79132215385545
393,82.0,8.0,57.30358687763263
394,59.0,3.0,102.78189141112995
395,29.0,5.0,90.36498568113936
396,26.0,6.0,179.70665472087194
397,66.0,6.0,36.9348323210492
398,78.0,3.0,127.95981644992959
399,41.0,1.0,141.79709716464018
400,2.0,3.0,187.60616823144716
401,41.0,3.0,74.16008116743198
402,83.0,3.0,93.90622975460916
403,27.0,7.0,42.772166890062365
404,52.0,2.0,10.93925371448959
405,47.0,1.0,13.248378085583125
406,78.0,7.0,71.35808852397832
407,18.0,7.0,92.87002045803494
408,66.0,8.0,114.71568135643244
409,27.0,3.0,112.82636351935425
410,57.0,7.0,33.53154089342152
411,59.0,4.0,76.5749014829976
412,51.0,2.0,166.20952897011787
413,37.0,1.0,189.46806471761084
414,82.0,3.0,28.88007089330552
415,88.0,3.0,41.52135071338623
416,15.0,4.0,36.004064532442754
417,85.0,7.0,102.90476881185067
418,76.0,5.0,174.30183275097687
419,76.0,1.0,183.68310022508743
420,30.0,8.0,91.89885500948071
421,76.0,7.0,135.1404311204914
422,46.0,8.0,193.40827396531913
423,81.0,3.0,110.69789981188954
424,48.0,2.0,50.742739015187304
425,83.0,2.0,98.62737840968492
426,64.0,2.0,190.64475015245762
427,61.0,1.0,81.86375036242008
428,85.0,4.0,36.91277099236591
429,54.0,2.0,145.69595709572283
430,45.0,7.0,14.355818437744869
431,9.0,8.0,74.60126683483917
432,48.0,3.0,129.71825498033803
433,5.0,4.0,194.91897627117427
434,3.0,1.0,129.17840762742003
435,9.0,6.0,34.549285269955035
436,47.0,6.0,83.68910733999114
437,38.0,4.0,85.64795985006015
438,10.0,1.0,34.37956206003207
439,27.0,2.0,28.088415309296508
440,64.0,1.0,141.59623777211547
441,5.0,6.0,137.44837465828442
442,21.0,1.0,113.30753445601084
443,28.0,7.0,25.462121406158523
444,7.0,8.0,31.252155757863516
445,7.0,8.0,134.44118550808437
446,76.0,4.0,15.878643818204559
447,69.0,4.0,199.90969565772943
448,14.0,6.0,65.52826491681378
449,11.0,1.0,75.69059034787152
450,2.0,4.0,163.37238815771548
451,80.0,8.0,29.874796094377793
452,20.0,8.0,121.58511203751885
453,58.0,3.0,91.26190208186419
454,67.0,3.0,122.78320345606892
455,62.0,5.0,102.33044269366076
456,59.0,5.0,84.55794900173778
457,13.0,4.0,32.077100712798796
458,3.0,10.0,282.813341518227
459,25.0,8.0,98.4106803425837
460,70.0,5.0,131.44736717486597
461,1.0,6.0,111.45641584894341
462,41.0,2.0,50.40467070277074
463,72.0,7.0,15.198918819020502
464,2.0,4.0,59.11070207452677
465,45.0,4.0,113.4941410143285
466,44.0,7.0,37.339514017699365
467,24.0,4.0,113.74181132710916
468,41.0,6.0,100.00497838965701
469,6.0,5.0,151.93290812983471
470,25.0,3.0,68.91630824788285
471,63.0,8.0,86.8636335247532
472,25.0,1.0,151.12190425052987
473,77.0,2.0,166.62439721996367
474,3.0,1.0,53.757048964319075
475,44.0,8.0,59.34825814701581
476,9.0,2.0,33.73054647568013
477,26.0,3.0,161.45186280563644
478,60.0,6.0,24.104278608240925
479,50.0,3.0,92.6927398422646
480,26.0,5.0,103.5344383837233
481,1.0,6.0,84.93316052505365
482,73.0,4.0,140.10769504524632
483,15.0,8.0,23.415032636528828
484,28.0,6.0,26.17309088337982
485,3.0,5.0,111.87554562639063
486,13.0,1.0,196.38204496377577
487,16.0,6.0,44.00174571783688
488,63.0,8.0,34.761847511712645
489,37.0,7.0,13.209683669997261
490,20.0,8.0,141.96350648605562
491,10.0,4.0,31.480893849134482
492,13.0,8.0,22.91113343226663
493,29.0,6.0,78.41680183995803
494,51.0,3.0,74.1583746266427
495,65.0,5.0,12.486956352705128
496,64.0,4.0,26.427848649388597
497,77.0,3.0,88.29212850439808
498,22.0,3.0,43.287413991685945
499,68.0,8.0,50.58044727572233
500,23.0,8.0,61.44232113624436
501,34.0,8.0,35.6951546137261
502,69.0,1.0,142.9880775394049
503,66.0,2.0,79.91751429374014
504,48.0,5.0,79.5341048024781
505,89.0,6.0,187.7447398783998
506,88.0,7.0,113.09157455951213
507,42.0,7.0,195.45674540930378
508,85.0,5.0,93.4938465528086
509,70.0,3.0,120.68029900278333
510,22.0,1.0,136.63232244565535
511,55.0,5.0,172.0140003845437
512,27.0,5.0,77.82882475477837
513,29.0,8.0,70.07854036331588
514,50.0,7.0,93.64355753248445
515,25.0,1.0,61.49167895681639
516,25.0,7.0,188.5408157454924
517,55.0,2.0,71.51786112657058
518,65.0,1.0,12.223233820658933
519,2.0,4.0,98.02198507977627
520,90.0,1.0,67.18266102286606
521,89.0,1.0,73.64556693549585
522,9.0,3.0,79.79194723481947
523,43.0,8.0,182.9404176564049
524,11.0,6.0,126.82176059499082
525,31.0,1.0,169.7572866946752
526,24.0,5.0,116.48569388553469
527,33.0,5.0,29.071294689164134
528,37.0,8.0,45.97997495525244
529,37.0,7.0,17.630731997958435
530,48.0,1.0,133.59373933046572
531,31.0,4.0,60.81248705631934
532,27.0,2.0,183.08340391821508
533,29.0,1.0,152.77993392107652
534,53.0,3.0,69.24511762089395
535,58.0,3.0,197.0469821170215
536,78.0,8.0,21.85798166375846
537,29.0,6.0,84.91196926640487
538,61.0,2.0,109.68340255814128
539,77.0,2.0,113.5906689661571
540,21.0,3.0,57.20136425325034
541,31.0,2.0,72.49383297122355
542,57.0,4.0,142.87305385049672
543,37.0,6.0,70.14977958960671
544,31.0,5.0,132.5094382910922
545,69.0,2.0,72.29425439650494
546,62.0,6.0,62.500355328739644
547,71.0,5.0,155.17917412089287
548,40.0,8.0,190.2353714065485
549,10.0,1.0,89.05360796288153
550,4.0,2.0,117.64454827364953
551,49.0,6.0,68.1689337500398
552,78.0,2.0,56.29240951384015
553,20.0,3.0,168.3164896795376
554,67.0,5.0,73.09492096839601
555,55.0,8.0,177.2611585771638
556,26.0,4.0,97.03256579438838
557,65.0,1.0,87.5001450056959
558,57.0,6.0,80.78316857677227
559,6.0,7.0,44.82927353214596
560,65.0,7.0,24.283199579238463
561,2.0,5.0,197.56258882495968
562,53.0,4.0,116.1230880206698
563,7.0,3.0,80.41688530471535
564,42.0,4.0,117.97859656243023
565,86.0,4.0,48.03113547591632
566,57.0,3.0,77.97181560287213
567,7.0,8.0,54.657690916012456
568,31.0,3.0,193.5050820775164
569,3.0,4.0,133.4287824517191
570,39.0,4.0,77.22982142033858
571,77.0,4.0,193.4329430525747
572,78.0,7.0,65.74092207860164
573,71.0,2.0,185.5743155018722
574,53.0,8.0,158.38043220370255
575,20.0,8.0,143.88677242220191
576,34.0,3.0,64.60608737256177
577,41.0,4.0,20.654029926415106
578,66.0,8.0,72.41135406542786
579,13.0,2.0,129.32934478662605
580,62.0,3.0,46.76136539312166
581,9.0,1.0,184.79624537429206
582,40.0,8.0,65.17389273463436
583,72.0,5.0,89.43316622316871
584,85.0,6.0,124.49721254484821
585,66.0,1.0,178.65991945498246
586,7.0,5.0,104.08884801466905
587,10.0,4.0,41.46253578703789
588,52.0,8.0,136.90680749373004
589,20.0,2.0,25.10419159098427
590,52.0,3.0,62.67391021303711
591,8.0,7.0,142.81842542848435
592,47.0,5.0,18.29439670269157
593,64.0,5.0,106.91780908787504
594,17.0,8.0,147.76361517865598
595,41.0,6.0,142.54519914918245
596,8.0,6.0,195.81910749855217
597,39.0,6.0,73.95141928181079
598,80.0,7.0,183.74343178864973
599,1.0,2.0,58.077905415339416
600,2.0,3.0,125.71544252395756
601,28.0,7.0,191.5286351827637
602,59.0,7.0,182.95500410371284
603,62.0,5.0,78.54312888220431
604,53.0,2.0,111.24296303515658
605,74.0,1.0,171.5592545648349
606,63.0,4.0,157.46914901262377
607,81.0,8.0,130.97208362074866
608,72.0,4.0,35.72528950970194
609,37.0,8.0,35.419451512266136
610,42.0,8.0,62.4149096155911
611,44.0,3.0,102.41072737760794
612,71.0,3.0,193.02157808589905
613,77.0,7.0,182.02339547032247
614,84.0,6.0,127.25856786323548
615,58.0,1.0,149.80964160904836
616,9.0,2.0,74.99789823003357
617,5.0,4.0,157.482325558978
618,61.0,5.0,19.141321663085854
619,41.0,1.0,97.42679021446214
620,20.0,4.0,20.980139327517236
621,55.0,5.0,165.6947667564151
622,27.0,4.0,24.125511434285034
623,47.0,3.0,55.698687099977775
624,16.0,7.0,41.379768287401916
625,77.0,2.0,48.34297457621503
626,41.0,1.0,153.48154183195746
627,7.0,12.0,209.78815157912186
628,49.0,1.0,154.4303562916211
629,24.0,2.0,49.35772668480745
630,88.0,7.0,164.25152189059693
631,77.0,5.0,191.97746571643574
632,60.0,1.0,157.1889081440107
633,56.0,5.0,118.09021936859726
634,7.0,8.0,30.01869734396307
635,16.0,4.0,24.19149058638213
636,18.0,5.0,149.10802533944806
637,44.0,6.0,32.362096711397065
638,83.0,7.0,99.38470731672683
639,15.0,3.0,124.13953253786029
640,58.0,8.0,15.714498797636036
641,69.0,7.0,106.32596451823916
642,80.0,8.0,114.51952502829201
643,27.0,3.0,126.11101775673647
644,47.0,1.0,110.12391515393362
645,43.0,1.0,152.37635789473325
646,101.0,1.0,3241.824118956352
647,89.0,2.0,162.4591367465875
648,55.0,2.0,111.12538802025904
649,12.0,7.0,160.11720810039955
650,55.0,7.0,35.7820562415657
651,19.0,4.0,66.03178369359772
652,33.0,1.0,91.51786962120644
653,61.0,8.0,166.90537879497123
654,2.0,7.0,60.6511682163494
655,61.0,7.0,185.33031669691644
656,49.0,1.0,163.59087202640526
657,86.0,1.0,130.24801707547522
658,30.0,4.0,61.57759355015058
659,83.0,4.0,157.579739246036
660,29.0,5.0,139.86755515803375
661,80.0,1.0,64.95469556642867
662,18.0,6.0,121.21192631936279
663,49.0,8.0,31.09104852780871
664,39.0,7.0,55.27713341705447
665,43.0,7.0,173.60385477940952
666,72.0,5.0,47.24423662183995
667,85.0,4.0,46.79777088423925
668,11.0,4.0,107.42811211754204
669,38.0,8.0,97.23216590548367
670,25.0,4.0,129.29142656685536
671,24.0,5.0,163.06190615162652
672,28.0,3.0,77.70387689203555
673,50.0,4.0,90.01209439981065
674,1.0,5.0,130.48703394618084
675,6.0,3.0,95.48966454355967
676,37.0,2.0,187.37470380090969
677,81.0,5.0,106.23553622909311
678,38.0,5.0,21.54648560783466
679,14.0,8.0,137.1941431449028
680,3.0,4.0,137.8189193564571
681,54.0,1.0,159.28464002806766
682,63.0,2.0,67.63613066812133
683,27.0,4.0,26.019040091886954
684,50.0,2.0,187.06342664059676
685,87.0,8.0,88.81653577896098
686,90.0,7.0,43.47229637412955
687,84.0,8.0,41.85278431605014
688,75.0,1.0,18.483874222070902
689,17.0,8.0,70.96043375506261
690,27.0,1.0,100.69941711048631
691,1.0,3.0,160.02418481588884
692,86.0,3.0,124.06989099653013
693,41.0,2.0,108.14616555090409
694,73.0,7.0,114.32778959680823
695,2.0,3.0,144.7982610456374
696,85.0,6.0,187.01748603752802
697,46.0,7.0,196.97600272242636
698,64.0,8.0,13.468508450685617
699,25.0,2.0,43.825787595855545
700,85.0,6.0,105.17560910339068
701,34.0,3.0,34.018988599158604
702,45.0,2.0,107.4011284617398
703,14.0,3.0,54.10565809737161
704,26.0,8.0,114.68964106033859
705,1.0,2.0,162.82458103380648
706,73.0,7.0,164.79176139193663
707,25.0,3.0,181.40864204966445
708,7.0,6.0,197.3790264396119
709,7.0,10.0,211.98601613691673
710,37.0,2.0,45.73437252267829
711,45.0,1.0,110.91990354783667
712,3.0,5.0,78.5685538944909
713,89.0,7.0,14.775294562807078
714,2.0,4.0,21.9919503303078
715,46.0,7.0,118.22719328311514
716,44.0,1.0,102.59458292345032
717,54.0,6.0,61.649764727435844
718,29.0,8.0,15.358565627813597
719,41.0,5.0,178.36652761586697
720,28.0,4.0,152.41350899781546
721,54.0,5.0,173.32394978053065
722,75.0,3.0,170.91641488905867
723,64.0,8.0,127.15912499370724
724,17.0,6.0,125.93952317215225
725,23.0,4.0,92.9294612025187
726,37.0,4.0,197.06902897496175
727,20.0,5.0,16.88941057188585
728,36.0,6.0,13.303526762990716
729,57.0,1.0,76.07403061139634
730,26.0,3.0,153.3387490124438
731,2.0,2.0,37.516513204688295
732,15.0,4.0,132.43209252539205
733,78.0,1.0,134.04442326229318
734,11.0,1.0,90.93815041196869
735,81.0,6.0,182.85138983090064
736,58.0,3.0,193.673211763933
737,63.0,1.0,11.035878930188453
738,16.0,6.0,118.39727767647854
739,68.0,5.0,55.855391657320936
740,10.0,7.0,50.87731138050778
741,5.0,5.0,65.10868084535454
742,17.0,8.0,173.41556748079586
743,62.0,7.0,196.49950468505935
744,49.0,6.0,84.18113492759285
745,90.0,6.0,74.86982411620436
746,29.0,6.0,91.6642461467223
747,30.0,5.0,85.70026915626407
748,57.0,5.0,54.66287205238182
749,54.0,3.0,70.51956014693947
750,57.0,7.0,156.10605849601967
751,43.0,2.0,154.55075965512634
752,19.0,3.0,95.19203143130316
753,77.0,5.0,197.96447356839244
754,43.0,8.0,61.723036470749726
755,28.0,7.0,154.92161665739863
756,1.0,2.0,148.98953432991445
757,80.0,3.0,86.54727269314502
758,40.0,6.0,68.10305895839846
759,88.0,2.0,165.49522585484294
760,2.0,2.0,78.57480891249158
761,27.0,4.0,28.191290498427325
762,89.0,1.0,52.81479326523393
763,66.0,1.0,166.14583182096152
764,67.0,3.0,140.89394347515463
765,65.0,1.0,135.89013952216618
766,70.0,7.0,23.98965672621076
767,61.0,4.0,145.75351080106157
768,90.0,3.0,98.91450402594613
769,1.0,4.0,85.0315607163538
770,69.0,4.0,183.53059152498457
771,39.0,7.0,113.67689543351489
772,48.0,6.0,131.42384515486526
773,80.0,7.0,70.70679710793905
774,77.0,7.0,143.81991506947057
775,11.0,4.0,159.29024196524153
776,13.0,2.0,44.95467440588043
777,77.0,5.0,163.48835030659137
778,29.0,3.0,119.63234731138597
779,86.0,4.0,141.63559579123057
780,71.0,3.0,93.77183156901762
781,45.0,7.0,199.58407957676573
782,85.0,1.0,19.39768698948692
783,78.0,8.0,52.637919263048104
784,17.0,2.0,54.446208214965246
785,29.0,5.0,80.0795043778301
786,4.0,1.0,71.3549644168653
787,6.0,8.0,80.11286617305923
788,83.0,7.0,158.6433496341295
789,44.0,4.0,109.60644785707001
790,72.0,5.0,127.04066562124277
791,30.0,7.0,53.043882241691215
792,50.0,6.0,174.27878620786268
793,21.0,1.0,154.130503058176
794,89.0,8.0,155.76140507094166
795,56.0,3.0,186.6415287390802
796,6.0,1.0,63.53063943014865
797,68.0,7.0,91.73523882090666
798,38.0,8.0,102.21083673709745
799,25.0,2.0,79.349921521908
800,56.0,5.0,176.1975669057894
801,78.0,2.0,123.4388621550388
802,20.0,4.0,185.70471507022285
803,52.0,5.0,111.0104478444763
804,65.0,7.0,73.99664934139201
805,36.0,5.0,57.58415135993551
806,9.0,1.0,189.88269292407657
807,17.0,1.0,120.19763041790634
808,6.0,6.0,119.72587347259562
809,32.0,7.0,98.90181545871498
810,41.0,3.0,153.15046334516464
811,37.0,4.0,186.04781135550496
812,16.0,6.0,54.72265381424351
813,28.0,8.0,150.33616708028205
814,30.0,5.0,66.27398818135359
815,86.0,3.0,85.8978507581351
816,89.0,3.0,112.22922630761681
817,31.0,3.0,99.09273329981164
818,42.0,2.0,152.0007224804764
819,29.0,3.0,109.66729480999948
820,74.0,2.0,105.26674600445965
821,15.0,2.0,125.08860640594551
822,40.0,1.0,109.61222894990846
823,89.0,5.0,81.63030373044886
824,77.0,2.0,180.13743097529104
825,29.0,2.0,76.39203754208984
826,1.0,1.0,190.06260596216282
827,2.0,2.0,195.7218221338289
828,77.0,4.0,130.06355177232928
829,74.0,8.0,132.8690757138887
830,24.0,7.0,15.038087769978462
831,27.0,2.0,151.75614723212496
832,70.0,5.0,87.23321525789875
833,82.0,1.0,183.1143728983687
834,70.0,1.0,142.01064575048918
835,57.0,7.0,70.78211724930699
836,46.0,5.0,175.05120609499318
837,69.0,1.0,193.57618628740306
838,76.0,6.0,55.43908253545821
839,3.0,8.0,17.169702504040487
840,53.0,6.0,172.65338722687673
841,53.0,8.0,99.21112563239367
842,58.0,6.0,67.00295859546188
843,24.0,7.0,39.067220010368615
844,66.0,6.0,36.32789583357629
845,80.0,4.0,145.80207539278305
846,59.0,6.0,131.70349726837895
847,82.0,8.0,34.06254373461503
848,9.0,4.0,109.22545135572307
849,15.0,5.0,129.8413987111408
850,24.0,2.0,30.888651131774036
851,78.0,5.0,116.09170422816835
852,82.0,1.0,186.8548318300057
853,57.0,4.0,150.7427174003075
854,75.0,2.0,52.69159264410954
855,65.0,1.0,62.70007956135442
856,90.0,5.0,142.6764017454634
857,80.0,5.0,101.92641367870776
858,83.0,3.0,59.952812491004764
859,44.0,4.0,114.21565894900274
860,70.0,8.0,88.2799152750368
861,69.0,1.0,114.58021018954106
862,75.0,7.0,164.16774855980577
863,76.0,7.0,24.234739449907067
864,13.0,1.0,77.03368440544514
865,35.0,3.0,54.80519183546226
866,39.0,6.0,35.39125286935857
867,39.0,6.0,24.60715260152117
868,75.0,4.0,173.00541200649226
869,64.0,6.0,129.4088230550342
870,22.0,1.0,97.14585388331203
871,72.0,5.0,189.617135987183
872,39.0,1.0,176.13443256573615
873,44.0,8.0,14.078988133834423
874,15.0,3.0,51.96080021486759
875,17.0,7.0,177.11237502203554
876,26.0,2.0,79.31834965546656
877,2.0,3.0,157.38593845884517
878,59.0,8.0,14.067043004053689
879,81.0,2.0,69.28418869558924
880,41.0,2.0,49.81042028671256
881,68.0,3.0,173.6009162209983
882,12.0,2.0,46.6090242155363
883,85.0,6.0,178.7630543699249
884,13.0,1.0,53.40976226068493
885,41.0,6.0,69.18934779400796
886,3.0,5.0,67.27118313970495
887,56.0,6.0,96.84024751262154
888,11.0,8.0,55.266864143023085
889,57.0,7.0,40.89308217463973
890,16.0,8.0,122.19949516149639
891,43.0,6.0,107.40589101424433
892,21.0,1.0,57.55782765005623
893,38.0,2.0,56.787619627555536
894,52.0,6.0,177.8916749491356
895,66.0,4.0,17.19273171712206
896,6.0,2.0,12.891038777294886
897,32.0,6.0,103.58919611389697
898,55.0,1.0,59.00228758396621
899,25.0,4.0,78.24734389929772
900,10.0,4.0,19.05564900340388
901,21.0,7.0,89.98181282500312
902,58.0,7.0,103.16443287038396
903,61.0,7.0,26.02695448018428
904,61.0,8.0,100.46190972567115
905,56.0,7.0,135.82511221920458
906,41.0,6.0,90.65736133805191
907,31.0,8.0,35.215440326281566
908,80.0,2.0,46.03934673420713
909,1.0,3.0,48.115201142777586
910,25.0,1.0,112.96825201456335
911,19.0,6.0,33.34350759341813
912,67.0,6.0,12.302960506804673
913,61.0,6.0,38.22453819937796
914,76.0,5.0,165.61815780377773
915,79.0,7.0,100.2791277160707
916,13.0,3.0,97.51385914664776
917,73.0,3.0,85.19913379718102
918,6.0,3.0,81.13538249818251
919,57.0,6.0,60.41094429676392
920,75.0,6.0,14.721894653879168
921,11.0,1.0,16.227384311446457
922,12.0,8.0,155.04337751833455
923,76.0,7.0,117.32866886648695
924,49.0,1.0,14.160383824196309
925,16.0,7.0,17.580074272332496
926,64.0,7.0,50.43283455938833
927,89.0,7.0,143.36679576903524
928,40.0,5.0,73.13323097950902
929,53.0,6.0,16.277270855871638
930,4.0,1.0,140.47644250076036
931,11.0,7.0,13.236887179288082
932,77.0,1.0,113.66502099955149
933,8.0,1.0,148.04110636993212
934,18.0,7.0,107.30819864701445
935,59.0,1.0,167.92255968111314
936,35.0,5.0,42.56341332309305
937,85.0,1.0,179.5600357502249
938,9.0,2.0,188.12331517304906
939,78.0,6.0,153.6525013544396
940,89.0,4.0,131.60379443862993
941,65.0,3.0,93.97069289327025
942,64.0,5.0,151.40838056263968
943,46.0,6.0,126.36486625402284
944,36.0,3.0,136.92010902150875
945,89.0,4.0,15.650786503953201
946,11.0,1.0,109.72032646959676
947,62.0,7.0,104.38935184752529
948,54.0,4.0,154.2046412426177
949,35.0,4.0,41.87880474972239
950,8.0,7.0,100.27813499752025
951,70.0,4.0,141.91169807893553
952,52.0,1.0,54.146456526053065
953,4.0,5.0,32.42218185249051
954,10.0,2.0,183.34881403948222
955,33.0,1.0,167.49527838496533
956,29.0,8.0,102.48319152323381
957,46.0,7.0,171.92526491627345
958,10.0,4.0,103.6800586116512
959,58.0,1.0,183.05981118910665
960,30.0,7.0,61.62506441730202
961,53.0,8.0,127.28805065423875
962,26.0,2.0,75.3263826023039
963,60.0,6.0,27.896134695702518
964,55.0,1.0,91.94352349628332
965,82.0,5.0,21.33031824799128
966,18.0,5.0,76.67288654583558
967,59.0,7.0,70.43530168344094
968,85.0,3.0,33.866343130795556
969,33.0,7.0,107.65661537627422
970,30.0,1.0,125.81714896717696
971,59.0,2.0,79.40020004040385
972,68.0,2.0,13.31806573748084
973,85.0,3.0,175.0804042129184
974,27.0,4.0,195.53457840876393
975,85.0,7.0,34.98354847489348
976,44.0,8.0,186.1893830284624
977,6.0,1.0,46.97242848708406
978,46.0,4.0,170.07145057394098
979,15.0,1.0,16.393509851518125
980,89.0,4.0,69.85444380696018
981,66.0,7.0,146.67703152465828
982,80.0,2.0,40.51543001606176
983,23.0,8.0,34.77331152342444
984,4.0,11.0,266.91951886027243
985,68.0,7.0,168.65635339111094
986,85.0,8.0,141.1674401233892
987,82.0,7.0,46.31768460607891
988,60.0,6.0,55.231702971328794
989,73.0,2.0,64.65126377547107
990,39.0,8.0,68.74724171176818
991,16.0,2.0,26.49514031142649
992,75.0,8.0,106.0660047626154
993,7.0,5.0,162.7746684790449
994,20.0,8.0,90.18677892120907
995,68.0,5.0,67.08798897230157
996,73.0,6.0,179.43696610530606
997,31.0,5.0,116.0013981485459
998,32.0,6.0,109.44083190667959
999,16.0,4.0,58.53130968337129
1000,71.0,5.0,49.3012627303696
1001,3.0,1.0,187.3982411278494
1002,52.0,4.0,172.44013575537454
1003,61.0,2.0,42.94734507795493
1004,87.0,8.0,175.8556139338203
1005,29.0,8.0,141.1663372614356
1006,42.0,7.0,79.77631592176157
1007,80.0,5.0,109.62724799166885
1008,50.0,6.0,116.86745490295796
1009,72.0,4.0,94.80785392853261
1010,50.0,5.0,99.18752310948092
1011,81.0,2.0,66.58189964481058
1012,31.0,2.0,129.18915986757895
